1JXN514,Gina,Foley,gfoley@wpi.edu,457-542-9906,gfoley
1LLN726,Peggy,Harris,pharris@wpi.edu,139-042-7258,pharris
1TRV991,Taylor,Lewis,tlewis@wpi.edu,759-834-0465,tlewis
3DSV943,Holly,Lopez,hlopez@wpi.edu,483-768-2829,hlopez
3PUI799,Donna,Gonzalez,dgonzalez@wpi.edu,110-762-7202,dgonzalez
4VRW997,Veronica,Stafford,vstafford@wpi.edu,361-776-0994,vstafford
4YZJ167,Rebekah,Miller,rmiller@wpi.edu,464-096-4556,rmiller
5OWL114,Cindy,Kennedy,ckennedy@wpi.edu,690-244-1851,ckennedy
5UZV858,Michelle,Parker,mparker@wpi.edu,367-089-3522,mparker
8NTH267,Jacqueline,Wilson,jwilson@wpi.edu,988-294-9021,jwilson
